,days,sp_change,abstract,adjusted_score,cluster_labels
121,275,-0.001497399,"BitMEX made itself a haven for hackers and illegal transactions, American prosecutors said.",-0.998201132,0
81,471,0.007406226,Investors who stand to collect big paper profits - if they held on to their shares - include the N.B.A. star Kevin Durant and the rapper Nas.,0.995650113,1
90,449,-0.007854732,The electric-car maker will hold the digital currency and handle the crypto transactions internally.,0.992074966,1
66,505,0.004204028,"Stocks slumped for a third day as a bust in cryptocurrencies bled into the broader markets, pulling the S&P 500 and Nasdaq lower.",-0.999404311,0
85,470,-0.004085397,The listing is a sign of how cryptocurrencies have become mainstream.,0.998331249,1
95,434,0.006103434,Its all about the carbon footprint.,-0.99297899,0
21,625,-0.00074602,The confluence of tech and finance has produced a nascent soft social credit system. Digital currency may be the only way out.,0.989743412,1
48,531,0.001610052,How a powerful industry conquered the U.S. tax system.,-0.948478341,0
104,405,0.005908662,"Bitcoin and even Dogecoin, which began as a playful experiment, are soaring in value as billionaires, companies and celebrities promote the digital currencies.",0.998514116,1
42,540,-0.001748536,"With the pandemic starting to ease in the United States, many had expected a year of wild investments to slow. It hasnt. Yet.",0.996223569,1
35,590,0.003317529,It almost derailed the bipartisan infrastructure bills passage.,-0.999384284,0
20,632,0.009583026,"Concerned about the potential for a digital-era bank run, the Treasury Department is working on an oversight framework for the fast-growing sector.",0.987067521,1
70,499,0.009204931,"In a sudden U-turn, Tesla stopped accepting the cryptocurrency as payment. But why?",-0.997655749,0
17,646,0.003656703,"As cryptocurrency enters global finance, an experiment in El Salvador could offer clues on whether it will bring a more libertarian economy or greater government control.",0.994804561,1
132,177,0.012197203,Mr. Abramoff became the first person charged with violating a law that was amended in response to his previous criminal offenses.,-0.998656511,0
94,434,0.006103434,"As companies and investors increasingly say they are focused on climate and sustainability, the cryptocurrencys huge carbon footprint could become a red flag.",-0.998456717,0
37,583,0.004590756,Some hype coins mint instant millionaires. Others go bust. Why not take a chance?,0.988653243,1
29,616,-0.003384501,"President Nayib Bukele has promoted the cryptocurrency as a path to financial freedom, but economic experts and many Salvadorans worry the move brings great risks.",-0.997980416,0
10,664,0.002808711,What does it mean now that cryptocurrency has joined proper society?,0.994608164,1
32,614,0,Heres what you need to know about the weeks top stories.,0.996983945,1
114,351,0.001331079,"In 2013, this reporter spent 10 Bitcoin, worth $1,000 at the time, on a dinner for dozens of strangers in San Francisco. The owner of the restaurant wisely held onto it.",0.996930778,1
116,335,-0.003453324,"The crazy cousin of traditional currencies, which fell below $4,000 in March, passed $19,783. More investors now are buying it for the long term.",0.99775213,1
71,499,0.009204931,"Elon Musk said Tesla would stop accepting Bitcoin as payment for cars, citing environmental reasons, a move that sent the price of the cryptocurrency plunging.",-0.998311162,0
54,522,0,"It was the largest Bitcoin event in the world and the first major in-person crypto conference since the pandemic started. The jargon, the liquor and the millionaire talk flowed.",0.998499393,1
117,332,-5.50E-05,"Coinbase, the most valuable U.S. cryptocurrency company, has faced many internal complaints about discriminatory treatment.",-0.998304367,0
13,657,0.005094406,"An exchange-traded fund tied to the cryptocurrency is set to begin trading on the New York Stock Exchange, a milestone for the industry.",0.99852258,1
15,649,0,DealBook gathered experts to debate the solutions to cryptocurrencys climate problem.,0.998227179,1
101,405,0.005908662,"The carmakers chief executive, Elon Musk, is known for promoting cryptocurrencies on his widely followed Twitter feed.",0.996796191,1
130,198,0.002247254,Even some basic questions about how an array of Twitters most popular accounts were taken over remain unanswered.,-0.998893321,0
122,254,-0.021499988,Can a French government intervention excuse the luxury conglomerate from its $16.2 billion deal with Tiffany? It depends on what counts as an order.,-0.990624487,3
89,449,-0.007854732,"As Coinbase prepares to be the first major cryptocurrency company to go public, it is struggling with basic customer service, users said.",-0.999506354,0
69,499,0.009204931,"Elon Musk, Teslas chief executive, blamed the amount of energy, increasingly generated from fossil fuels, used by Bitcoin.",-0.997223616,0
109,378,-0.00011311,Bitcoin owners are getting rich because the cryptocurrency has soared. But what happens when you cant tap that wealth because you forgot the password to your digital wallet?,-0.994015813,0
24,618,-0.004374011,Opening arguments in the long-awaited trial questioned whether the Theranos chief executive was knowingly deceptive or blindly ambitious.,-0.956620395,0
45,539,0.005167341,"The cryptocurrency has erased nearly all of its gains for the year, a drop that came after China intensified it scrutiny of digital currencies.",-0.999207199,0
25,617,-0.000889757,"The crypto revolution is bringing financial services to the unbanked, but not without risks.",0.991150141,1
72,499,0.009204931,The company said rivals were swarming the market and increasing competition and that it was spending heavily on marketing and development to keep ahead of its competitors.,0.99651587,1
53,525,-0.00154707,The recovery of ransom paid by the Colonial Pipeline operator allays some worries about cryptocurrency - but worries others.,0.990187228,1
76,495,0,"Companies behind digital currencies are rushing to hire well-connected lobbyists, lawyers and consultants as the battle over how to regulate them intensifies.",-0.960928977,0
22,623,-0.008099426,The biggest worry about Bitcoin is that politicians will start taking it seriously.,-0.976709902,0
87,469,0.002782015,"Making the digital artworks requires colossal amounts of computing power, and that means greenhouse gases.",-0.995060027,0
119,329,0.01137565,"A funeral for cash has not yet been scheduled, but the pandemic has made it much easier to imagine a world without coins, and has already reinvigorated the movement to get rid of pennies.",0.995143175,1
26,617,-0.000889757,A shocking summer keeps illustrating the limits of adapting to climate change. Experts say it will only get worse.,-0.995424926,0
59,511,-0.004234487,Cryptocurrencies havent quite delivered on their revolutionary promises. But they are messing with the stock market.,-0.996595442,0
63,509,0,Bitcoin and other digital currencies fell as much as 20 percent after China effectively banned its financial institutions from providing services related to cryptocurrency transactions.,-0.99913305,0
60,510,0.006448194,"Im so thankful that people still think Im relevant, that they want to see what I do.",0.998786032,1
111,357,-0.002925843,"The value of the third most valuable digital token, XRP, was called into question after regulators filed a lawsuit against the company behind it.",-0.998491526,0
19,633,0.003929663,The clampdown comes as Chinas central bank has been testing its own digital currency. The price of Bitcoin dropped on the news.,-0.998901129,0
56,514,-0.001581658,Key moments in the oil giants battle with an activist investor.,0.993841171,1
33,612,0.000664104,"The most popular cryptocurrency wastes energy by design. Why is that, and could it ever be greener?",-0.997981787,0
134,73,0.0548757,"The S&P 500 rose more than 9 percent, making Friday its best day since 2008.",0.998772442,2
3,684,0,It has to be somewhere. Why not Ukraine?,-0.992556036,0
61,510,0.006448194,What if Time Warner had gotten a fateful phone call earlier in 2016?,-0.994853318,0
115,346,0.002018555,The home-rental companys stock debut briefly left its own chief speechless.,-0.992171168,0
74,498,-0.01634407,Digital creators used the blockchain to create a whole new art scene. Then their work started selling for thousands - sometimes millions of dollars.,0.998566449,3
23,621,0,Andrew Ross Sorkin and the DealBook team explored the environmental impact of digital currency and efforts to make it more sustainable.,0.998531222,1
79,481,0,"Bitcoin and other cryptocurrencies have gone from curiosity to punchline to viable investment, making them almost impossible to ignore - for better or worse.",0.998761773,1
28,617,-0.000889757,"Christopher Naples is accused of hiding 46 devices used for mining cryptocurrency in Suffolk County offices, costing the county thousands of dollars in electricity.",-0.998479307,0
14,654,0.005324112,Katie Haun and I discuss the future cryptocurrency could create.,0.998649299,1
102,405,0.005908662,"The price of Dogecoin is up by more than 1,600 percent this year, pushed in recent days by celebrity cheerleading from the likes of Elon Musk,Snoop Dogg andGene Simmons.",0.998060524,1
43,540,-0.001748536,Many of the promises of the E.U. referendum have yet to be fulfilled.,-0.999244094,0
93,438,0,Each market frenzy seems crazier than the last. But all have the same roots.,0.995485187,1
88,450,0.007779674,"An artwork that sold for nearly $700,000 was the latest in the frenzied market for digital art - and possibly the first created in part by a non-human.",0.997801006,1
34,604,-0.005285118,"Insurance surcharges, like the one announced by Delta Air Lines, are a new front in corporate coronavirus vaccine initiatives.",-0.994627178,0
6,671,0.000661516,Digital payments technology is forcing the financial system to evolve. Banks feel their power waning and want to regain control.,0.997415543,1
49,529,0,"The F.B.I. scored two major victories, recovering a Bitcoin ransom and tricking lawbreakers with an encryption app. But criminals may still have the upper hand.",0.998616695,1
57,514,-0.001581658,The irrelevance of dollar dominance.,-0.996364772,0
39,547,0.001596495,The exit of Teneos chief raises questions about the future of the influential advisory firm.,-0.996142566,0
120,325,-0.006082178,A teenager from Florida is accused of breaching one of the most high-profile internet platforms in the world. Watch how Twitter was hacked in a Times documentary now streaming on Hulu.,-0.98794353,0
131,197,0.00017979,"In a major show of force, hackers breached some of the sites most prominent accounts, a Whos Who of Americans in politics, entertainment and tech.",-0.997012734,0
